{
    "ncb_ee_all_TOS_": [
        1011.9902417504799,
        214.76787005134764
    ],
    "npr_ee_all_TOS_": [
        927.7949498850112,
        214.44936334657964
    ],
    "mu_cb_ee_all_TOS_": [
        4167.675896848335,
        32.99909873442609
    ],
    "lm_cb_ee_all_TOS_": [
        46.692908291145365,
        2.2291606210483046
    ]
}